{"cameraMode":{"drawMode":0,"name":"Shaded","section":"Shading Mode"},"sceneLighting":false,"audioPlay":false,"sceneViewState":{"m_AlwaysRefresh":false,"showFog":true,"showSkybox":false,"showFlares":true,"showImageEffects":true,"showParticleSystems":true,"showVisualEffectGraphs":true,"m_FxEnabled":true},"in2DMode":false,"pivot":{"x":16.31363296508789,"y":0.8668616414070129,"z":22.347936630249025},"rotation":{"x":0.6628364324569702,"y":0.053754474967718127,"z":-0.04780776426196098,"w":0.7453056573867798},"size":1.0694352388381959,"orthographic":false}