{"cameraMode":{"drawMode":0,"name":"Shaded","section":"Shading Mode"},"sceneLighting":false,"audioPlay":false,"sceneViewState":{"m_AlwaysRefresh":false,"showFog":true,"showSkybox":false,"showFlares":true,"showImageEffects":true,"showParticleSystems":true,"showVisualEffectGraphs":true,"m_FxEnabled":true},"in2DMode":false,"pivot":{"x":0.36458835005760195,"y":-0.11772215366363526,"z":0.1872316300868988},"rotation":{"x":0.11261413991451264,"y":0.8838608264923096,"z":-0.36021971702575686,"w":0.2763182818889618},"size":1.1404048204421998,"orthographic":true}